{
	"class_name" : "PinholeCameraParameters",
	"extrinsic" : 
	[
		0.6608425345941169,
		0.20861412592622985,
		-0.72094888233165222,
		0.0,
		-0.74445873847896094,
		0.060320080276027879,
		-0.66493809833533202,
		0.0,
		-0.095227785722116931,
		0.97613607370055155,
		0.19516668375246307,
		0.0,
		-0.028770322629913345,
		-0.021390808195645473,
		0.11512999933117717,
		1.0
	],
	"intrinsic" : 
	{
		"height" : 1041,
		"intrinsic_matrix" : 
		[
			901.53244533960071,
			0.0,
			0.0,
			0.0,
			901.53244533960071,
			0.0,
			958.5,
			520.0,
			1.0
		],
		"width" : 1918
	},
	"version_major" : 1,
	"version_minor" : 0
}
